{"features": ["gpa", "attendance_rate", "lms_logins_14d", "late_submit_rate", "failed_courses_cum", "credits_this_term", "dues_days", "help_sessions_14d", "counselling_sessions_cum", "last_counselling_gap", "counselling_notes_score"], "scaler_mean": [7.087783333333333, 0.643583888888889, 38.270185185185184, 0.35500759259259257, 0.8407407407407408, 23.462777777777777, 4.992962962962963, 1.1301851851851852, 0.9242592592592592, 187.1224074074074, 0.617724074074074], "scaler_scale": [1.3222410946248853, 0.17378235216965296, 11.928574468669561, 0.1544653854840071, 0.9220585902727373, 3.926984479058382, 5.4129086552185015, 1.0950629793164455, 0.9983339859983988, 152.1826072268199, 0.21399685393601708]}